,Patient ID number,Number of total left steps,Times of peak angular velocity on left shank,Left gait cycle (stride time) durations,Left swing time durations,Left swing angular ranges,Peak shank angular velocity (left),Freeze index (left accelerometer),Left leg identifier,Number of total right steps,Times of peak angular velocity on right shank,Right gait cycle (stride time) durations,Right swing time durations ,Right swing angular ranges,Peak shank angular velocity (right),Freeze index (right accelerometer),Right leg identifier
0,0,10,0.58,0.84,0.26,1.0860000000000003,243.39266504350854,0.47963866190179133,0,10,0.68,0.92,0.24,7.324333333333328,294.1996537712858,0.0,1
1,0,10,0.5599999999999999,0.82,0.26,1.0860000000000003,223.97490729461893,0.30569005843346103,0,10,0.54,0.8,0.26,9.483333333333333,290.1250316812624,0.6115011044689049,1
2,0,10,0.48000000000000004,0.78,0.3,1.111666666666667,260.71674533558587,0.40985549857765075,0,10,0.5800000000000001,0.9,0.32,44.98933333333334,282.8146971599669,0.5310365923080038,1
3,0,10,0.64,0.88,0.24,1.0110000000000003,233.8574506481935,0.7616675193402425,0,10,0.54,0.76,0.22,7.3023333333333325,280.17057353830745,0.44523614403000844,1
4,0,10,0.52,0.74,0.22,0.9283333333333328,217.687545111347,0.03951579638117895,0,10,0.5800000000000001,0.9,0.32,44.98933333333334,420.639552802931,0.23630986550939595,1
7,0,10,0.52,0.8,0.28,1.0110000000000003,395.38882925348184,0.4870764483865558,0,10,0.6799999999999999,0.94,0.26,9.483333333333333,310.61406491536377,1.0,1
8,0,10,0.54,0.78,0.24,1.111666666666667,368.68332509078976,0.292802884974458,0,10,0.74,1.0,0.26,9.483333333333333,352.3591960028943,0.0006624104270435742,1
9,0,10,0.48000000000000004,0.78,0.3,1.1006666666666671,304.59821931804424,0.434683718333117,0,10,0.7,0.96,0.26,33.42433333333333,240.9840460892801,0.12624645325761769,1
